tier,rank,puuid,queueType,region,sub_region,division
IRON,I,z9ujdJ-YyyJq9oZVWikBeYvsQjHFjllJJ_9FEFQoBGUdejHcmpgOhdpEZmGyIrdQ9o78tGTW1Qs3bA,RANKED_SOLO_5x5,europe,eun1,IRON_I
IRON,I,hOJPjKWrmxs_zIPrVhMZjJvtAGMfhxhS69AdKtf49Q7_6cHvIPkjXQMCa_SlqJItDKPsfDeld_vP_w,RANKED_SOLO_5x5,europe,eun1,IRON_I
IRON,I,gk9npKHOTcK8Ck_oQFhb993o7ZUjjfgLKquAuVNG9BoD_Zfi6A4VoeaV892jaUNKN7HI1XCWoaQjpg,RANKED_SOLO_5x5,europe,eun1,IRON_I
IRON,I,FEJ_hQ9GYSH6JokgypBvN1-BBfvVk8bFVXJr2M_B_-6JKUTvRL3nOzzn9Eb1MM2kdHSD0Q7HbJ601g,RANKED_SOLO_5x5,europe,eun1,IRON_I
IRON,I,iE4avgZc46foAktA6HrWjk1KAaKyk3aLmjfppGP_KwisDF2BxKR2i83shz-Zj2zkF9LPlTO4KG9Fmw,RANKED_SOLO_5x5,europe,eun1,IRON_I
IRON,I,KQrOPtrXgBD3nSRdE8jOFuzfHsPPLXTxuUWPFnjgB5y3vlBcWlQA9rszhGYXLmx8GCMTgVw67kFTuA,RANKED_SOLO_5x5,europe,eun1,IRON_I
IRON,I,KiQ6Msg9IHN0MAhY48XLCZZYeslSOxKc7gUpVe3Y3kZAwPrZp6A7bMlLCU_r0ZGY8HlU9rNrOZ-pMg,RANKED_SOLO_5x5,europe,eun1,IRON_I
IRON,I,3DbwljdZjJjhMHknKy_lfwkrzHTIunLsV1KJ5iKe0IvXJH3Fc5ghc4zubq9OTwLx7DxiBK71a8DD9w,RANKED_SOLO_5x5,europe,eun1,IRON_I
IRON,I,_TqPXMtIvQF1Z80lYex20rNLa5sNb-tgOmFC3rOOhq5NHPXwJxUgJi3Js21f89QNTnk49XjftXLraw,RANKED_SOLO_5x5,europe,eun1,IRON_I
IRON,I,MZOKULDIODIcrpXJhdia0EbHa39xYz3LiLKb-jj8zi0GayFACU9-EP7Nxf5I-saHUY2NNAnzCJlIKg,RANKED_SOLO_5x5,europe,eun1,IRON_I
IRON,II,tgITqlKLZjruskMwGN4WnATK6tCUBfvDWEs6IvRh1jI4aTqcy9PyjU76f-wwaYvwejTwJL42gOb6Tw,RANKED_SOLO_5x5,europe,eun1,IRON_II
IRON,II,PFlk8K7oYHuiH3CsnoLhC7FZMM3ImLJTWINeiSIIYmwfLAnpdLno8dONG0vz96jdn2Jup-dzdrB_xQ,RANKED_SOLO_5x5,europe,eun1,IRON_II
IRON,II,9fc6rNhcTOFKuQuZDEqLhNmlqFL7tWrwGzhxMRMnqEgz8WQRd-Ax5wXFDwWNVA2Qds7ztFxwYhBwnA,RANKED_SOLO_5x5,europe,eun1,IRON_II
IRON,II,BNknH_FdauqpZqGigGnnpqkP0nYdgx66DDqjD40bBRX9z6pJzjWEzPPatu5Ml4N4t7wM3shaueXsTQ,RANKED_SOLO_5x5,europe,eun1,IRON_II
IRON,II,jy2fybErhb-sVnXKkZHZj1epGmK2XoJmoMEtS2X1-GDprz31TjxTN2Wc4VVnUDzsWpRs8PvFV0BoXg,RANKED_SOLO_5x5,europe,eun1,IRON_II
IRON,II,ltO5rDrChbp9H22IQS9j7dG-okchBTli8xKhWDrAPmp4OWvhmeNDMn5N5r3GdNf8oKCK03VXUk1mcw,RANKED_SOLO_5x5,europe,eun1,IRON_II
IRON,II,RQ8I3nxLnhrumP8AwyZ9BbWe7Dema9TWLbpWYQqsa-WgkSN7MEi_ldPdTEVU9_5HJMjFEW_peTF2Yw,RANKED_SOLO_5x5,europe,eun1,IRON_II
IRON,II,K8G98hBjFYAzxpvBo-1daJ1DDf2FIWAR8jf5mafkZxTuplUkSTvvDNaAPjbcxAywY0o56TB0jgrSVg,RANKED_SOLO_5x5,europe,eun1,IRON_II
IRON,II,9fLmSi1bFhneZitJsZdpZ20s_7_wie_OOAVODAMtfYSM0wzGEKdSsUE7i1TiSDOFMOWaMVjvJyyx9g,RANKED_SOLO_5x5,europe,eun1,IRON_II
IRON,II,v1H681nKqcZQs08UTI3GPNjN_mtpkAxksAYR4bjiBRTgy7T5IsEp-9GaUuNpKZDHnR0dOn_KOHP7dA,RANKED_SOLO_5x5,europe,eun1,IRON_II
IRON,III,QnREgV5FstvSS76-69HhxtGoSnvzPx6zrP7uGHjKMOS5CSQo26AtoaQ-qFYQvwAepOnYAU-03RtV1Q,RANKED_SOLO_5x5,europe,eun1,IRON_III
IRON,III,eZ_cYR_T27GY1TerY8rRoVDE97BkoSy4DNnLQ2S2hRul6fZYWFXqiCgzVNKQ7KEy0AMOqZHqBhxZEw,RANKED_SOLO_5x5,europe,eun1,IRON_III
IRON,III,5mmmKVnvvUgI_HxeRBtkiMDNKOY4MkYxhYRQzk60X_K1ITYxBG1kRnvsoyH--VokSiaktw4_t0mo9g,RANKED_SOLO_5x5,europe,eun1,IRON_III
IRON,III,-Ar0-RgyY31GrK7m2aqvwUk77aVCiqS10njO-jseA2-IHMAnE9jH9Gvdl62SX1Q1LaDanIkvYL7gew,RANKED_SOLO_5x5,europe,eun1,IRON_III
IRON,III,mXYeo4AiKHEwRQVA_JsXAHj41aR1DV8jPyCt3BJt5EdZG2zeBp8hFxjvLcX-R0dTeyHeVXEUXKQb-w,RANKED_SOLO_5x5,europe,eun1,IRON_III
IRON,III,h10uojS1LeH6QlumetSTcF9xtLqOlWHsTcfKq2Faa_2kVWHiQNAJU8rBiPHmEKtxlwaqHIoD7LfpOg,RANKED_SOLO_5x5,europe,eun1,IRON_III
IRON,III,ZEcigOzkDRHdBocTaPfv-PkCs6yygxk5XSl-3Ie6MJ7tNQmARFNZwzs_nYDRkia0cRDksnWKNxF8SA,RANKED_SOLO_5x5,europe,eun1,IRON_III
IRON,III,rGdZOMAipber5nVu8i_UXf1Fq3qC7vid5qTikBIdecSOwRdC1wY8cBZBHiE2WFim6wQCwTCJoEwY5g,RANKED_SOLO_5x5,europe,eun1,IRON_III
IRON,III,92A65a4YOESPyBX8kANYygxXd8kaRA6HfTRT5ayBrB8txL3C6GVjiJhDaZboUH7PwROjkmAWG0o5CA,RANKED_SOLO_5x5,europe,eun1,IRON_III
IRON,III,Xim9thRYGV5wpy1XQFMVGrFdWVk_jMrFRMGkudRNmdcWIQSsr_QtQR3tb_3krlbor2wFOoLMUpRuMA,RANKED_SOLO_5x5,europe,eun1,IRON_III
IRON,IV,3ka_ecnvdNgEfcxxiBUUz_H6OZmZ21r6a7irE0D7M95xHBzNHW-kJ7DW60Uufk0kfzrPQcz1u1fh_A,RANKED_SOLO_5x5,europe,eun1,IRON_IV
IRON,IV,ZceuHs2ELMB76VCEeGz_zpKWjuw0B3wA_MHaJCej2InmQC3PiNPlBJIYMReODGbvcthIwQZJNSIP5g,RANKED_SOLO_5x5,europe,eun1,IRON_IV
IRON,IV,hjPJhp3W5Fg9QcOICPtg0goOatJwDGMgW9CExu6JkcRX3Rc84Sc8LrhXNgYn_iPCfTCTZ50_WGXMMw,RANKED_SOLO_5x5,europe,eun1,IRON_IV
IRON,IV,qDg4lyD9a-eqgMJ5TfkQDwxkylZ2PoMukrj2WNXUCHGOXTctxCu9r3BlktQ0ple1iDMIRpW8RnsveQ,RANKED_SOLO_5x5,europe,eun1,IRON_IV
IRON,IV,OxU3AAuXniDsoDv2q7SAAvU8l7PT3HMQdaq9peWHg2opGvvhG8JTzWHu9DpiwAyaN_gwhA6u4VAt3Q,RANKED_SOLO_5x5,europe,eun1,IRON_IV
IRON,IV,r-YAYTgprUeh8NcaHGl5bbmRQvZQwG7_Tmj37kpAdN7qLQq5MhenI8qSB7aCfKKE3EdlO9YCCLy65Q,RANKED_SOLO_5x5,europe,eun1,IRON_IV
IRON,IV,_nwGQGivYlB8W3h-c5oMNvCU0oXULgsNU0iBOJDhFLsLB4l7HVhl5PBR5Vbw6IPzQlgNuZIkJ_XdsQ,RANKED_SOLO_5x5,europe,eun1,IRON_IV
IRON,IV,kZOqomMP1-YI9ko8zboeUG_j7G6HeDifYicnjQazeuyVEzNg3jY5otv-vAKLI1teu9WkaVdvdGnZmA,RANKED_SOLO_5x5,europe,eun1,IRON_IV
IRON,IV,JxmFd6IVzlIlgCIXq1moHgS-EiVj8siT9LJHITiDUZbd-Z13X7ApURP4OkVTKdlwzG4jmEFU-D7WFQ,RANKED_SOLO_5x5,europe,eun1,IRON_IV
IRON,IV,hSmEK_P31wcVgCtVH3_aRtpCqv1OUMwAgchcvgVBOGKh8wdaiTDyhBTmxFwgL-QQ2_ZEEtSaStoHKA,RANKED_SOLO_5x5,europe,eun1,IRON_IV
BRONZE,I,30B0XafHTwZu2-6V3IH-wxLAJmHruuy4IuJNkze0TUZZbAI3cvOAc98z_-KO_08JomjPR6egkY1R8w,RANKED_SOLO_5x5,europe,eun1,BRONZE_I
BRONZE,I,u4swS026nDkujCGzRQfeMH0aIwp3NK9PyEvPNUs81fWzcIPhihTrpQ8Wz9v4MuTVvvzso5vYlBYHlA,RANKED_SOLO_5x5,europe,eun1,BRONZE_I
BRONZE,I,smBXcfzz9aKCzLcYG8fRDvB62lQx7m7WE9-3Hlw0x_i6_NDbhPHukZjvA2EP5iGzMTmIOciu_n5zDw,RANKED_SOLO_5x5,europe,eun1,BRONZE_I
BRONZE,I,sEB5L_DSDZkDQyDF64f7HSNlo8vGgt4DHJJ6L5s79leq-Me-zsERCjLHL85Fv0BuQJ2tUxuRrnpTEA,RANKED_SOLO_5x5,europe,eun1,BRONZE_I
BRONZE,I,oajh7Psua48ff2xzzHMVkWdydfywbicbHMYutGC3U5I6Z9538_S5XEJmI-PYaJXsSTigHFaQ1FMHQA,RANKED_SOLO_5x5,europe,eun1,BRONZE_I
BRONZE,I,EffCccZ0NxieV-mhylqGwPpDlfC2LKxU3qOHR48ka44EN4QDTYUDQ-VpvHI6tJOj675sJUWCrwRokw,RANKED_SOLO_5x5,europe,eun1,BRONZE_I
BRONZE,I,tljfrx_46s7jYTI5mL-l_zJZza8onQW78jBmml3_Mx4-6dHSHGupkgpPRlc_1ptAKnFwA8jzr9Wfpw,RANKED_SOLO_5x5,europe,eun1,BRONZE_I
BRONZE,I,lxhJwKNhzNiOoVNxEqd01Ps15j7dhfFLkIdfX631jzf286YEmCHOR_TflRZ06WUz4sqPbf0RCWDh3w,RANKED_SOLO_5x5,europe,eun1,BRONZE_I
BRONZE,I,pEiFhgz0BOA9-GRU2eBpH1bt353y8ToOwUzdUYBDdZQVepRUSeKys1dgCCgubu07IEjlybmgiwLIiw,RANKED_SOLO_5x5,europe,eun1,BRONZE_I
BRONZE,I,a21HUG2fm5fNaAzsnTOqu4AerFx9FWBKTlmRNb9qtprndUDypAXHIGQJO4sH1ebggv907M57uDergw,RANKED_SOLO_5x5,europe,eun1,BRONZE_I
BRONZE,II,WqoCU2I1KjitlLnUNxz6LknnSlzlNySg2OFQMiDfecBySx_TSPrKZl-Wp1ubGieasCNcyhvfd3VRnA,RANKED_SOLO_5x5,europe,eun1,BRONZE_II
BRONZE,II,ev6GkcFWxosrujlhxwyNlUIimr5w1frnN0BHskyLMdj_uMeHICP5ogb-AEz0n3TojOwSRsa57JlCBg,RANKED_SOLO_5x5,europe,eun1,BRONZE_II
BRONZE,II,8kWtT2i4yvS8rnkuAXHSXX-Skc82RIxVgM6b8ylhNDXnT8zPSIN6nO75AC83tRsJtL3w_rh324CO3Q,RANKED_SOLO_5x5,europe,eun1,BRONZE_II
BRONZE,II,fwMnEBDTpCJPlj3JKWYcDXoztYX-6QUDzKlBlg18ym4Aa-ALQPRiJxzMJPiC_8dLH4GMB6v1kAUq5g,RANKED_SOLO_5x5,europe,eun1,BRONZE_II
BRONZE,II,7QU6kwoccWcYHeCaXuIHsNIZKUGIrkoqY0wxyR1wa3U3ffLVJMPHy1X7r1b4M9RSslKfkxDwpxNHQA,RANKED_SOLO_5x5,europe,eun1,BRONZE_II
BRONZE,II,rcHxyXqNot-WqZYs55kNBY3Zf9fEWvY7qB5Isrv3nIWb3kwN6LvfuZwcgN1QsFjjPkEPReUC0fhYow,RANKED_SOLO_5x5,europe,eun1,BRONZE_II
BRONZE,II,2Y5v0DwJC-NNP2dDYEP2NxkCAcmWhgzITrLFtbOHuqxxUZOpOhNY0V6IfZBIwXOPn70pZcAw_vEtXA,RANKED_SOLO_5x5,europe,eun1,BRONZE_II
BRONZE,II,wbDSNwXn82yxvp0aVho_SoLE4lEwIfAJOedgogUl0wIHs_BzzETCCJMAaGU3V4TuCgshsvzEeRcCSQ,RANKED_SOLO_5x5,europe,eun1,BRONZE_II
BRONZE,II,9Rt0vRnlIlYaJ1uTlkXhUnnrWZMxd3ZCVaRJV94lQvlbNgP0DcIDkGa1xL5-t253wxMwEzg_GgwW1A,RANKED_SOLO_5x5,europe,eun1,BRONZE_II
BRONZE,II,PIM9RYAVe6c4nP5QeLuSSbUAvyt9xKlZhYgZosmAEyW4LKxJ6GlStcTrSFuBrB_VKeNZoex6XuIinw,RANKED_SOLO_5x5,europe,eun1,BRONZE_II
BRONZE,III,EccPIL1v62w-b6b0qY9bCkw-SSgK0BUVtuFEHmiWRoTkqN4YFBtlGN5VOf2M9y2NdvT90LUo8gAakA,RANKED_SOLO_5x5,europe,eun1,BRONZE_III
BRONZE,III,E_ze7oU7oSz-ArXa7XznnNME7LYKLPnv8lleL2hC5LfcLrcug1aEHeHhRrg2b4oTP-gE3ME1QId-ng,RANKED_SOLO_5x5,europe,eun1,BRONZE_III
BRONZE,III,yJId9Oe_4pzJJpvRoCkiRLiK1NFhX62g2FoGVRrNXsyLQmNqWfqwQi4OjNjcgLY_GzuIiVbZtxFNGg,RANKED_SOLO_5x5,europe,eun1,BRONZE_III
BRONZE,III,pvJA5MUGK94vry79sgNPpqfTfkOckdC-N6QSUDNOwRXxeXpFoJjaWZ9EijVVHfKzq4UJd5kKi2q2Cw,RANKED_SOLO_5x5,europe,eun1,BRONZE_III
BRONZE,III,-rz4LhKlzO95u0lR7dZe7SSdJIECdacaek8Gap3tkt1KXMlgA34AE2AoQF0jPXPQvkb3UpJeNnmWUg,RANKED_SOLO_5x5,europe,eun1,BRONZE_III
BRONZE,III,cVRfF5NUWTCCFd-F162Xu5QFf0PT7qjdm5EYmQf4l9hbPrkPadITppm4KYx14L7MbmpAzEYQG7NtnA,RANKED_SOLO_5x5,europe,eun1,BRONZE_III
BRONZE,III,ELpYAaR4tvNm8rwl2UcZpPZ1caT4lJ6Tfllefj_Q6dAVVbVarIZ3lpjF7_YYSfzps5I5Wizs0S-DRA,RANKED_SOLO_5x5,europe,eun1,BRONZE_III
BRONZE,III,PiT0ZIk0sFLWKUNR_Si5CEQzn-U_rn-WXhpHLEB8BQVcotUfQYrlDokO38fS0jDTLHRF51GdfeNMqQ,RANKED_SOLO_5x5,europe,eun1,BRONZE_III
BRONZE,III,-qxP4HUSalPtvFxEP0_WPyA10dNI9xv8pKsG3d7uKUUrTMWt0j4-sYMhMeuvyN5Dz8QzvAE542mJig,RANKED_SOLO_5x5,europe,eun1,BRONZE_III
BRONZE,III,HySwKZamFnwj1VOXPjfo1_LLv7ZHbNZYiGfRDuf818jGGGQ8vYpM3chtwW5TGy4pjhngl9fuM1kUDg,RANKED_SOLO_5x5,europe,eun1,BRONZE_III
BRONZE,IV,15yCxaoYFDDM_T06H4E6TdqPU-UtSz1PMB9XiyQHBjJRNQ-N6ywAdqmmpv1XB5rgzm-VmF1Tq8eyOQ,RANKED_SOLO_5x5,europe,eun1,BRONZE_IV
BRONZE,IV,kI9KW5d4XMIrqXq6gSn1vi1aUJiHtAs8kZhreeOMpo3ozI-Q8O-JfLS2_6xObvkOonwTvcSmYrhaqg,RANKED_SOLO_5x5,europe,eun1,BRONZE_IV
BRONZE,IV,jhueTmgx8uAeTmW10gDfWlO2S4Kek49_ldrpx12pzOPvc2dhwva3DGFoleoQJw7J5384t0PtHNnTOQ,RANKED_SOLO_5x5,europe,eun1,BRONZE_IV
BRONZE,IV,zOvjCNbWzNKTOBVPOmjyfnR-Dse3PYEYhb4Q_5dn8PqjaQ4mMOr0TnB7TtS7RqF9_oNDwXgBUWH9og,RANKED_SOLO_5x5,europe,eun1,BRONZE_IV
BRONZE,IV,XrseFW3HCbBxKhthF4VnlVHvUY5JWG3KtxtIHb8Ufl8wvE_wLl_IHrqfQc0RRawbxQ9ya-GiDwUyTg,RANKED_SOLO_5x5,europe,eun1,BRONZE_IV
BRONZE,IV,HaukPMdb0bmKrISm6cIvH4RYUXMs5H7dYEZtus3boQxE8ugjKBMkzLXK0S8WNZguixNqDT778h565g,RANKED_SOLO_5x5,europe,eun1,BRONZE_IV
BRONZE,IV,s142hqLdaiq-ubXwA10UF1QhMRhu4YbLvdSqxSFL5znCNWUU05yX-MfChLgtjLva3V_T1_OmywGVAw,RANKED_SOLO_5x5,europe,eun1,BRONZE_IV
BRONZE,IV,JtZTBVytK8F9dEO4DDoysbpjjKRrh59ZL9FeHAx-g9AZw6LG8_-z-wNAFgQb_4VDqgsE-lElEQoJJQ,RANKED_SOLO_5x5,europe,eun1,BRONZE_IV
BRONZE,IV,SDFkNk2ChjdBA4aLfrvSNwxoxAAE0d8FMee9YtEEO9y-WsPwJhaD-aGGpma2rX-x_AO4tu427hmlsg,RANKED_SOLO_5x5,europe,eun1,BRONZE_IV
BRONZE,IV,jucJYsrcRm8arBE_-tJjFwf1apJxaATx7qBgiSIf49zkwrPmHl5E_tzeE8kqEoYEP6BcZmeP_NoBHw,RANKED_SOLO_5x5,europe,eun1,BRONZE_IV
SILVER,I,GQURykaZ2-D_bMw4CFBZXlZSH-GPtRDWe25L3uRc34Nf3hCZWUdJ9zE45zsXOMCQoPAmy9lWh9ja4A,RANKED_SOLO_5x5,europe,eun1,SILVER_I
SILVER,I,dYP2YmpGB4Bd9f2HE8ubxwJscLKMYlfyUpuJ3qY3-VqGXEJr5LBB1YjxEV82dlAfecd_eRdkjOX2kA,RANKED_SOLO_5x5,europe,eun1,SILVER_I
SILVER,I,6wjjInYwMZY1vx_EbFYZ_R93HUXKUPlsgHBCjPLi0xz8nLcWWbuj9RhXqWm7bTmVRqiUL8tEHrWcAA,RANKED_SOLO_5x5,europe,eun1,SILVER_I
SILVER,I,tB55OL-HD9YnfOmWij59BfnzDrSx_gjQlLJsMtd-PuonWkFyYqcXi1RtEqbIbWmUcycQnL9ZucOCRw,RANKED_SOLO_5x5,europe,eun1,SILVER_I
SILVER,I,vQMEqC3x-hlYgpkEil-Junr4dfrz75ZieJEt-SijVJsn_KS5rkEe_E4YYNbvLqwZRPV4zxQW18EK7A,RANKED_SOLO_5x5,europe,eun1,SILVER_I
SILVER,I,11eUcN7k2-HS_S9KGoe42t2395lr9jw1AcGZ5cx1LfQwPi5IZhsEN5X8uYDYZnPp_Csy9ZXuQHhIRg,RANKED_SOLO_5x5,europe,eun1,SILVER_I
SILVER,I,LGuv3ic3WmPYRnaQoVlBa3knr-jtsOfjDeNcxRP0Ro8O5aZwhfWQ5FxM3a0Obkri-cUiDPDaBLOQ1g,RANKED_SOLO_5x5,europe,eun1,SILVER_I
SILVER,I,dBA_UjoxDbZzPjvYqiHKuKHgV9C22gC82WxYWqydMNNUacDIA0W0_JvwM20IQluyGNPFghGN8h8m9w,RANKED_SOLO_5x5,europe,eun1,SILVER_I
SILVER,I,LPJ4ddjBeSpl8uGh3NaRBpHC5_prb421cgoP_NzUKcTAoat8QQHaCHBqzRKiELmBlcVWDcqFLRuldw,RANKED_SOLO_5x5,europe,eun1,SILVER_I
SILVER,I,TLPA7ga4ksVVoLWbL5gfHCS3xPJqyeAHZfuc2sUF3OngENrRsBm9FTr-hYUBD_4p4D9AfcrQJQB5bw,RANKED_SOLO_5x5,europe,eun1,SILVER_I
SILVER,II,PrOUFzXRoRT3Iug7xcuNQP3Pl_w_uWuVleUs2IN7zchA2U00fTV7oHKlBxZoXIl2XnJVI2V5AD4S7g,RANKED_SOLO_5x5,europe,eun1,SILVER_II
SILVER,II,t_uRcYfG5JXyZd-HgCBF_GsKLSpYblEQkONcjhg-NAEqtV8vPFFAJeDaYEa_Ue4Gp75kOMsjWAENqg,RANKED_SOLO_5x5,europe,eun1,SILVER_II
SILVER,II,PS-KDi-LtmSBmqBCsT9iUVAhGYa4VfD5E7HR_yjUlHe5dfDe2TBlP5TzBmjyPdIjqo23seHdVx6TpA,RANKED_SOLO_5x5,europe,eun1,SILVER_II
SILVER,II,RWL6kgunqBkA031Kn8ivT7t-IKAO7oLsJ9_F-aHR_5Opz9a7ycL2grZ0R04_w7pUmVjbHVnIWPV0ug,RANKED_SOLO_5x5,europe,eun1,SILVER_II
SILVER,II,4gnPuAhcyoddvRl-dS9g98G4-Y2gOEar3s8ZFiJS1PxS0qI6y4I6ZaddhgDGfJrSEOvakCjjz0eFVg,RANKED_SOLO_5x5,europe,eun1,SILVER_II
SILVER,II,X6TD5pdP7je5kTgnk7NTW5gs2kKwSNkwhm3FHv9WLY2OvjTdFT6x-sXCQljVxN4eIhHBpRE3s5oJFg,RANKED_SOLO_5x5,europe,eun1,SILVER_II
SILVER,II,ZLHRQaz7tGRvgDyC3VQGBvk8FZgU0eWWRN3UY1L2oqm4zg44wFnrmwAu5cTkt8MsjuQK7HK3E-y2Pg,RANKED_SOLO_5x5,europe,eun1,SILVER_II
SILVER,II,_uTtHOltHThgTNE6uVzjqW1-3xdux0JKo8hzs7OjLgza9E4mIhCzJRQ8qNdTQzZ5VRRDqtN-IvXDUw,RANKED_SOLO_5x5,europe,eun1,SILVER_II
SILVER,II,Dzj7bg9Kx5vtKUHw1lIi3CKFVxsGtu6rTiwePRgX1BnmD3uE8F5cMVv0CUWwIkoDrQay3E6SMRyk5w,RANKED_SOLO_5x5,europe,eun1,SILVER_II
SILVER,II,XS61_Rdrty9i4HIMAFjBXvTi0SZuu_3RR18iDav6jHs9qS10Ou4ux7qW0NxcPWeIfVctME-teJt4xA,RANKED_SOLO_5x5,europe,eun1,SILVER_II
SILVER,III,F1mLnHYgicdanti7UKMfjP6NZM6co2Mj__ANc4BZuj7deAX-7rSy7RSMnStxWwiwJi_gky_i1j2K0g,RANKED_SOLO_5x5,europe,eun1,SILVER_III
SILVER,III,-52UCSnpQBMSvGNx7b-oT5kWgSx_3naQDzAv4a4XHhZJz8xaBoWM4rrEKSvZSRZXvIobT47dJBL62w,RANKED_SOLO_5x5,europe,eun1,SILVER_III
SILVER,III,I6d3bbwqefen2kwd5UnVhr6A6ayiMP5bUgD4ovT24ESl8Oq8RQCMsz_EPhMI6xVrFVPWfq1V1vAIjA,RANKED_SOLO_5x5,europe,eun1,SILVER_III
SILVER,III,a8OsmON_CWQ_gdAJ4OnfF0Q4DXeCX1hVqmsC7R6EUgbKAnz7J-ZS4YT8M761hI_TS1-faYOKk2Oxsw,RANKED_SOLO_5x5,europe,eun1,SILVER_III
SILVER,III,Rjm57IlynAc5yoAR7OOKX4H6DMFZrHO-1HhGwHHmgvQNIcWePt2sohPxCrEc0iPUr_1Va33cI2p8nQ,RANKED_SOLO_5x5,europe,eun1,SILVER_III
SILVER,III,kIWeSnXdfTiOFmZ1IaeInSEYrQPpBQpCgcAQkXvgZJtO80BpXpCqFDkaH4ARkF4zaAP6wDgLRlcFDA,RANKED_SOLO_5x5,europe,eun1,SILVER_III
SILVER,III,ELqli69WTVEDf0HpzOhbVuW0WakS9v5KqIfulQAOHeu0YnnkW3heYSzv6-fwpzrqHpwLqRfjgUdWGw,RANKED_SOLO_5x5,europe,eun1,SILVER_III
SILVER,III,8FnAC5llgKyzYp1jKYt6EjwSeDGUf4_ougO8NS-nR6s916Rny1PmNe8ymVaL5c0mCN2-NhZfIkmv5Q,RANKED_SOLO_5x5,europe,eun1,SILVER_III
SILVER,III,8N4LW7OcFvxM3dPFUrVw3s2wiK4_laoQGuj7MEG5pBaHJllFz7xnypQUtCcR_ubG8vCsniDz_d6LxQ,RANKED_SOLO_5x5,europe,eun1,SILVER_III
SILVER,III,am_dSEnRuPJbz-_58atrQlXBEN-arTjwBBKYCeVeRxjpwBeAWmdYn1HTjnbsJJJ8XQoy-Q_Rzbl2pQ,RANKED_SOLO_5x5,europe,eun1,SILVER_III
SILVER,IV,pey_ldW7NF7VsZNbuZQiBfTlS5t0geVfkSE1edl4DoiuJdy2fWeka1d4oK50jL4oeqLLjus694lMRQ,RANKED_SOLO_5x5,europe,eun1,SILVER_IV
SILVER,IV,bRb9JikkLAbNWzt5IN-eqa05YJkDO6x8-4PJmZmsg3clnQvO9C1q83G7k00PNWOCr_zwEqoAGzq50g,RANKED_SOLO_5x5,europe,eun1,SILVER_IV
SILVER,IV,o20tNOm9m-XPB4DpkgchVxlwwH9wm-RUmzYL5tUzg019yI6GNbtIyqdge4K4D520Eh56CpWEj5fQgA,RANKED_SOLO_5x5,europe,eun1,SILVER_IV
SILVER,IV,4Lvqnfs5B4wDOWXoE20WRmAGo4uJ8CYxqtj1nJ0xV3ORrLs8jczMP9iRgpOpSprbgN3qhAJLDp-RoQ,RANKED_SOLO_5x5,europe,eun1,SILVER_IV
SILVER,IV,8cyATRV4HAaynX3EjMks7gxRrzAdlxpVg56POVAaynjO0JW5VXli1pzUEF4LdRGB205VPauGtTdXFQ,RANKED_SOLO_5x5,europe,eun1,SILVER_IV
SILVER,IV,f6nhPfU98IVkfAwgzRs0gzlTzv5rRch9hyBNsKrt3ZpCWQ9dVNk9ZtVYlWWkB0QRh7elWhEUqRONTg,RANKED_SOLO_5x5,europe,eun1,SILVER_IV
SILVER,IV,JT_Wbk94EEEoEZx3Wed5NOtGbK7kdhT0SDfj3Y2tivAus9aYcOD_icrJrIHg8RG5-pZuoWHbOk1E3Q,RANKED_SOLO_5x5,europe,eun1,SILVER_IV
SILVER,IV,1lwa-IDdm5hrcxaeKW6LlikSk5cQ92hF3w8h-nCl5JicI8sacU_SGhGEX4KAuLrecWt5t_uVh8IKEg,RANKED_SOLO_5x5,europe,eun1,SILVER_IV
SILVER,IV,I2UMlw428ab4_iNyTkhf9Y5gIldQd3c55QbHqxxcTuhAI8Wfn8J13MPVSNP1hexrfgHmKHzL1NaaMg,RANKED_SOLO_5x5,europe,eun1,SILVER_IV
SILVER,IV,cEXW4fDpv0JIqacpfR1EfHT4G5YMHnneIOm2e2Uad8qORv_HddCJC4z5w4_b8aiy9p0QbJUPA_O1iQ,RANKED_SOLO_5x5,europe,eun1,SILVER_IV
GOLD,I,BD5V7UdISb6r0aOHUBe9MENDR_2_Ou8f_UYliB8TPp8XPgaeUL4tAlYyeJIdw0d46av6QBLCzFuccA,RANKED_SOLO_5x5,europe,eun1,GOLD_I
GOLD,I,mQn88l4T7OhYzdeWUerJ4gS90Z7AICeGlca8k2yuZW5UotPSB99-2fBfIhS_JUYqrQaEpL-fuPEx6g,RANKED_SOLO_5x5,europe,eun1,GOLD_I
GOLD,I,BLkZ7vqGl2uqU7AcfZcSqVFz4gvFgmdxOIW7fhV_qq5ofaxJ_qj0MWq02Ua1IQJGQFID8qSMLu7YtA,RANKED_SOLO_5x5,europe,eun1,GOLD_I
GOLD,I,GdFmjBSthCxCqMhPLYvgvaSkfgUpwOgXxFBZq9PzLP0nz4JkYl_4j7jzOGAmx0eZcTufcuNJF1La2A,RANKED_SOLO_5x5,europe,eun1,GOLD_I
GOLD,I,jfuIUi2XagqRKWy1te712NE2H72ROWlgJMtm1UNKUHNikSKEukv0MfnErxH2QPY6bai16gOO4013Sw,RANKED_SOLO_5x5,europe,eun1,GOLD_I
GOLD,I,92wCFGabxRJBdzx8XY9RnIfploxXkQVcCpTJaAh4dATUr6Nw17HjZYvxqFZ2nYDF_ipQ2aUpNzsltw,RANKED_SOLO_5x5,europe,eun1,GOLD_I
GOLD,I,rlKNzpuuXVsyI2o-vXWjd9F9-bAA-mGKPx8hP3IOyfTVPYEqukVNzpbqIkKzaD-5JW0zjX1fGoTFjw,RANKED_SOLO_5x5,europe,eun1,GOLD_I
GOLD,I,dKY9LfDx-SQlUyLzRVt97Bw163coPWzSdehtlZAW5AUYQHDSzQITXqdyurpPXtsVvPQpQvSwdodfng,RANKED_SOLO_5x5,europe,eun1,GOLD_I
GOLD,I,NVp7qi4JevH4q5siGo-Yt_b2T5-03cY4bWrnlDt-fowfAK-UsjVpOEY6EXYkwAl69ejpxPbPImZVHw,RANKED_SOLO_5x5,europe,eun1,GOLD_I
GOLD,I,mB0qnTUu612Un_8G9AwCVjEH9Q6UZtUHfYmvPJ9FD7eVIAJ56D22MIOy6ftxHcKkwCj0dX0cWAfLNg,RANKED_SOLO_5x5,europe,eun1,GOLD_I
GOLD,II,rz8k-0AxFNP-XGWuiGZwm7d7gaK8sSaBydn3GafDBgpTLyFGCbAOYp5IoVYUL9HHu1q5UR37CqUrBA,RANKED_SOLO_5x5,europe,eun1,GOLD_II
GOLD,II,XU9QoPPEIGqYRoUeBvtYpXkFHUfE-1kdu9Z0plbvQMmUYZi3gBO5UbNMgIFmr4PFmzqTBW2Ki6wcxA,RANKED_SOLO_5x5,europe,eun1,GOLD_II
GOLD,II,FNCgzEUlLWNu76csS2lOIUa2IK8HwnY3lsi9f5ULH0j7EwL-_ODrYoblyneUOGSr1o3cho2c4gcVPA,RANKED_SOLO_5x5,europe,eun1,GOLD_II
GOLD,II,yGYN8IE6_AKww5kygqyeBjIpKsalp-9yPkCyAy5pFn3ifu2B9iGKRyPOZb-DzRtw9K5h3gH6oHig1g,RANKED_SOLO_5x5,europe,eun1,GOLD_II
GOLD,II,hcH06Pq21UCm9fOYYe0AHomSL1ytNCJNHvhqFSC5hhSh3Y8CJWqqKn_kpndXJjqBcWC4qymNiOWf5Q,RANKED_SOLO_5x5,europe,eun1,GOLD_II
GOLD,II,u3evn2bhkjw0TpXSHLnKufz5nzTjda1Eb2z1P0NtPJ2wNhqVfh1lq8Wbg33zhWa_r1BtIK-OlFS3tQ,RANKED_SOLO_5x5,europe,eun1,GOLD_II
GOLD,II,C4Rl0OyxDAJ7FTeZOO6WrWC5-V59rXRNU0xZnzurIbJkoJtEPOphIJ8Cg2H-Tb7qxRsRaNTG7AdyBQ,RANKED_SOLO_5x5,europe,eun1,GOLD_II
GOLD,II,yPMGw9vbOQzhroYSy8znEud9cHjaE8O24JzftK78zigUgeLdTX8v2WCVyEMUwJ7xvhkHau2X3bGsdg,RANKED_SOLO_5x5,europe,eun1,GOLD_II
GOLD,II,lzIjcsqHDv7dqJZ_YlfHljJiegqlZfUVIGM2ynv0hFi5JGxbkMShbWbzH8mx-OfVvXjXEi_yR_yAgw,RANKED_SOLO_5x5,europe,eun1,GOLD_II
GOLD,II,2gNIRX4UuRfFuqgGQWFhy94Nk37XWd4zMEUxt5M_TaqYdkcCxO1to_YJL2O3xy1P5aP2KvPEwkfeWQ,RANKED_SOLO_5x5,europe,eun1,GOLD_II
GOLD,III,LgyP8CzNJ_3AUcAWDCJ3AfJe5IRSnhImyAsQvhhjVnIJibprBqLQqvFPDIes02qxxajyt6xG_3O94Q,RANKED_SOLO_5x5,europe,eun1,GOLD_III
GOLD,III,2XEg_fTXgjmid7PeL_Fzxf8GKbRRLjTxrx9UkI8Oju6E36kVtonRwFgUsisI2dmmAJ5SwOaiPANDJQ,RANKED_SOLO_5x5,europe,eun1,GOLD_III
GOLD,III,NbLwmgzMdvsHPkX5fKlK6fxAwZVJ0Armer_aSvXPDK3pWEmbEZfD3jGppX6jtWfKN9uCwwk3LOe1uA,RANKED_SOLO_5x5,europe,eun1,GOLD_III
GOLD,III,wPt4_KwFoT1TE7OqWja9XTOSrEy4Fw-efFeUEaQp48lTm9f-EXrH0SSrlZtpJ4Urfu5dvEhP8PlquQ,RANKED_SOLO_5x5,europe,eun1,GOLD_III
GOLD,III,RsqEUNL0Qk3di326FmUayFx37TvUne0rCg66IN_cHxwFjfdKrNUuLCqI8LyGd_shV_JXcWdOJeZ_Ew,RANKED_SOLO_5x5,europe,eun1,GOLD_III
GOLD,III,z8eZyd6gFQ67MKIH42v4tjnLHu8W68JYoXCCtEw68Msy13EObTe91MixnMartznQX82FN6-XnZ-hyg,RANKED_SOLO_5x5,europe,eun1,GOLD_III
GOLD,III,kI0g7hrQeUOm_RqEJPIV0WaNE6qMCIhQQiV4twwX1DOUTTtkvP0HrHMmtsJDpJmKTq3ZtbijpmfR3Q,RANKED_SOLO_5x5,europe,eun1,GOLD_III
GOLD,III,b6IgHq_sUZvTF246KrJcKgo53rp3xtolhT44mO5WT2sLgMXe3ofdOqasJ0DRvTm0kxgqUSQs9fFdBw,RANKED_SOLO_5x5,europe,eun1,GOLD_III
GOLD,III,dNZN-aO-uE6-w7TvDyGwcGgWlXjqaSQS5zouUpj5MBdh6vRJWfBUXZ3PLIGmmp-9HE6PpPyylNSTpA,RANKED_SOLO_5x5,europe,eun1,GOLD_III
GOLD,III,FW3o5BuqHGOi78YMilSFlbUrcaeZRVHTnyooOBrU8xdtxJv69VP7PTloae1TzShp20_jvQq4iwrV3A,RANKED_SOLO_5x5,europe,eun1,GOLD_III
GOLD,IV,imqPoDAoBzEHqZEqGtCne7BR4JQ7lJnRzDWeXeonZbwmxHSmyBR0vIUpKI2TVQiY23gJCarO5vfNJA,RANKED_SOLO_5x5,europe,eun1,GOLD_IV
GOLD,IV,ZfhqOEf9n6UXw41NTEFcYUWaPu5mnj5FsfJKZQHe1QNEK7TYqlZdrPviraghXserO5y5jheCMQKHgQ,RANKED_SOLO_5x5,europe,eun1,GOLD_IV
GOLD,IV,kLPq4i2y9ts6dFpFZXx90i_LdZjaYAUdmG2U0KVmGW5NWvSPHWl1AppY1t2u_Ejh5i1FihRSutipCA,RANKED_SOLO_5x5,europe,eun1,GOLD_IV
GOLD,IV,FqKSG-41dXViGafHPMSD8L-0iUuVXsTbY545NFBfNrBjSJzcJK9AUiQWbyehQlqLHnJwtr1vRrOBiQ,RANKED_SOLO_5x5,europe,eun1,GOLD_IV
GOLD,IV,-kDXNvGDp33nXQmh5gYa9NppJ3JxBL_HnlnqYYum-9W9wbF9vDog-u-tLkBCC9kT_C9Ou9yyJtsrfw,RANKED_SOLO_5x5,europe,eun1,GOLD_IV
GOLD,IV,iT9V5hgC2Q7tsHNf9EXVyGdlpEuiI43a94jn8I5Bwokt-wvqTh9n-8jFZtrE3IKoBEe6ISslGi-gNg,RANKED_SOLO_5x5,europe,eun1,GOLD_IV
GOLD,IV,ZvOChviWifylGXfgl1U1nalxBVBQeJdcuAuktqFz01HCWW4WWqgj75JQm9Yu1ki1XTRn0LUMGylxag,RANKED_SOLO_5x5,europe,eun1,GOLD_IV
GOLD,IV,AV_rTwxpdq4E7q6WCBavaiIlw2UFZuNOHr3txmH2MMRUxL__uCu6EcAPT9PmzYbPjpKI-KRMq_arMg,RANKED_SOLO_5x5,europe,eun1,GOLD_IV
GOLD,IV,e3k9k2X9EoemCG9WlY45tPn1leCsUepR5aqiM-peejlQYcIX1YlqkSZlsm6Ljp9CpdOLura6kNaswA,RANKED_SOLO_5x5,europe,eun1,GOLD_IV
GOLD,IV,Zo_-k4FMcKNsZjE5PW34zq5hHzi2YWFroDGJ1PdxAGoK5pAsAbk1tDKbQiEfFcUCyyKbYVikso4gfQ,RANKED_SOLO_5x5,europe,eun1,GOLD_IV
PLATINUM,I,Sa5Hec7YjtEkfkHxQ189EV-Xj37fN1XYZtPwl8OZ7el4O8uxZedViQ2RapIgyPvJYNOo9D2iHA11UQ,RANKED_SOLO_5x5,europe,eun1,PLATINUM_I
PLATINUM,I,REyEew6Yd4RI5Gjyvo8EU1c8QoIyXui0DQ7BnyQHHHA2PYMH6JfAP1vStEUfPjonTtFh6g9XYwjGrQ,RANKED_SOLO_5x5,europe,eun1,PLATINUM_I
PLATINUM,I,9jn-hmnhwr2LjYqIYh1h0iNlmU6-tUEnEh6SGYc81ZsxgClNcirH_DL--EtW6cScozT7RRORlOQfLQ,RANKED_SOLO_5x5,europe,eun1,PLATINUM_I
PLATINUM,I,9vPu7IKF33svQJPkn-DWyJfkU_IS0WFePOj4XTEW6_-T7ognIXy_AEAZU9tDXxyh7w30I7I2Q1BWOQ,RANKED_SOLO_5x5,europe,eun1,PLATINUM_I
PLATINUM,I,FNriV8zfX9gin9ZJzl4uFxmfPOKE5AEzTD4SUVDAjTmwTrmmZP-OR9cREfJPT-9kVdTmQnUWi5uDtg,RANKED_SOLO_5x5,europe,eun1,PLATINUM_I
PLATINUM,I,OSW4w9651ru00-gOhCUZ4-jiE0baufgH3id-BufO5y4i-sCEbEYrvakNgMFrWp3peYAFuxn22LOUSw,RANKED_SOLO_5x5,europe,eun1,PLATINUM_I
PLATINUM,I,MplAE1i89O0XXn9xHxjaqKN0J8uXVUiuCHZWm17iUPKZPkk6sytPEKHDRGP4laIlcGQmcye10pFxgQ,RANKED_SOLO_5x5,europe,eun1,PLATINUM_I
PLATINUM,I,b5lLXaPGjqvRStZmUPZlijoJeweNFTm3GiY306JeuqbloTpHXnsIq3AxTCYqLlxNr_jcZB5cjyLDjQ,RANKED_SOLO_5x5,europe,eun1,PLATINUM_I
PLATINUM,I,0ZRnMT3ieGdFmOmPd_uCKt7P75ntoriHa2f7Ij4GjSShfVj9o3Ek7D-LLCfsAPdzS1eKoTB4-2OsZA,RANKED_SOLO_5x5,europe,eun1,PLATINUM_I
PLATINUM,I,KtbkSZAW2b2yWi_XztoYuxkbDdyLeeW59i_26BSOPlzh3mScZULwuL9zED5G-ihZjXhUThZYE82mBg,RANKED_SOLO_5x5,europe,eun1,PLATINUM_I
PLATINUM,II,Wlvagu7BfzGMsz2zMUTTDunHMJNTZ87vlqqnPHk82CoC4xAjuKIPUyqIS23c5Xr4PEn7P7hyAFpGDg,RANKED_SOLO_5x5,europe,eun1,PLATINUM_II
PLATINUM,II,tMB6Npa08FJzm20_erCEqAHRSJbmOdLeyt5H5BaypVe7fbePsymwJYJSCaIe9ueFYYB0eZ2nG4rpeg,RANKED_SOLO_5x5,europe,eun1,PLATINUM_II
PLATINUM,II,aG7i4tODr9rsjjUbECRt1tD6RdjwNDeQqsKNsduNOVuxhbx37rrDP0OQJVFU8BW-WtkFyajZ1zlwrg,RANKED_SOLO_5x5,europe,eun1,PLATINUM_II
PLATINUM,II,oRABJo5TBAlM2qhIhcHzuECgkUuEfzUuBh5CV7ZdlSSn3T0S3qJhtGFs1Nc9QPj44v26gbb2xBWS9w,RANKED_SOLO_5x5,europe,eun1,PLATINUM_II
PLATINUM,II,LExa_9SCft-aBD-rZdF_CZ2bRdh4gIQEfcK0CleYHP6WLxI3A_29ULLpuuAH_NFLnV0tcLljoiocig,RANKED_SOLO_5x5,europe,eun1,PLATINUM_II
PLATINUM,II,3FN3UPEX9jhS4BTlQ3GIDgIoCf7TAOC_nmyFJ5jOi1CMYO1Kz9dQh87rmkPdmWIvwMOwEveXtLC7Aw,RANKED_SOLO_5x5,europe,eun1,PLATINUM_II
PLATINUM,II,wtPYBVHkKprvMAce4DyUTDtNrRRKkVwyH50N-sDTRtjUH7RVOU_cj2szJGQGgoB7u-U1vE5deQNumw,RANKED_SOLO_5x5,europe,eun1,PLATINUM_II
PLATINUM,II,AcOeSvHPWWt9x1wo-74Y5buFiSmSe1OWuwD1eo7jIbShMyPHHxB0xkgMxLUUcfZPcOQH0xz2rYh3WA,RANKED_SOLO_5x5,europe,eun1,PLATINUM_II
PLATINUM,II,hH9BEoE-LmbkxMX2dr8l3Jocd8-ZoaX8Dj1oIQM6AtKwGsYa1umDo1J72LDACUwMjQH5MTRhxWi-Lg,RANKED_SOLO_5x5,europe,eun1,PLATINUM_II
PLATINUM,II,ftNA6RAays-DjF21L0zt-0cdAX9-oMS0JY38VTKRDuwaM-NqcaPlYRaNDCUegE_MkVJI6v7C39_gug,RANKED_SOLO_5x5,europe,eun1,PLATINUM_II
PLATINUM,III,Y2gWXifnHTrGnn0-Ik_JCQkzvDXiM5pw6F1bQ1AWcV6v6znruR0wgV2z8VqWB1QwhEau8Azsw-eoig,RANKED_SOLO_5x5,europe,eun1,PLATINUM_III
PLATINUM,III,Ue88N1rreM1l8nF7uWCyVWNlW_ItEbm0slU0iUR3OPeV7pQu4yhsobX8sUIp0vLyVujZlPcVxiyhlA,RANKED_SOLO_5x5,europe,eun1,PLATINUM_III
PLATINUM,III,12I-JXk8wGarLa0icAm7K4BmhDgI2nRmK0awqn7nvTleh1nTNXtbM-dsZf-je_jE8beums-HasRwig,RANKED_SOLO_5x5,europe,eun1,PLATINUM_III
PLATINUM,III,_gxnN58g8FFs5ZYamj_pN_udsB2zJztCwu_3GzyjPBucFpdCox8ADqpzs47WgWA7jdNe_RjySRuspw,RANKED_SOLO_5x5,europe,eun1,PLATINUM_III
PLATINUM,III,ktY41Q4UTdiv7ZhivIBG-UlwyIUVBRKzoonGQuaJ3GzW2h9mW3gNG6Ooo9BRR5VaAf6tWZNIAhvZ4w,RANKED_SOLO_5x5,europe,eun1,PLATINUM_III
PLATINUM,III,2MHPud9CobWwrgCYPw4w10dJ58U8haySUY-aKwDxZDCXo28aHMMyT25ferU4lZs8mT6DQksQEKK3wA,RANKED_SOLO_5x5,europe,eun1,PLATINUM_III
PLATINUM,III,cEf4cq1R1o8ehLM_OQWTllI01j0CKS2X9P4NHhX0vSsvXkinnJd1bxRUdryTcFzJuLsfMvoq9DOtVg,RANKED_SOLO_5x5,europe,eun1,PLATINUM_III
PLATINUM,III,q-hpo4n1DBXQArWOalNUPvtnRgyJNzYVA8BcejFJvtgP4X7pTCrVnKtnSDBkhsgcSnuxUf2PonpJMg,RANKED_SOLO_5x5,europe,eun1,PLATINUM_III
PLATINUM,III,b70Xtd_KSQaOazt-_vYJKMkSJj9-RiNxLgkQvcSiuha2UF725rmjJ1wwg3XIQiTazUSy3Xrc4a7pVQ,RANKED_SOLO_5x5,europe,eun1,PLATINUM_III
PLATINUM,III,qvZwWhZGb92Q3Ln1-syNA7nIT7P3Ud0XvafkKYpYRmhVaNo7dgb3i6PlWW5CLj-Nm0N5milPiuRATA,RANKED_SOLO_5x5,europe,eun1,PLATINUM_III
PLATINUM,IV,7xEth3mKy4gCv0cRC_favrGEIGLI6Xm1wxg9rB9huW4o7YXwzGnEXArBv7d3JHfYXV0PGc1_fe0QsQ,RANKED_SOLO_5x5,europe,eun1,PLATINUM_IV
PLATINUM,IV,mzE8cL7ZZdB04UTmpG8QyphjmTPn99S27xld-90NC_vRdMrfNKdy30rlIEMFvMBShVXwVJal8ag13Q,RANKED_SOLO_5x5,europe,eun1,PLATINUM_IV
PLATINUM,IV,52X0v_drLpEgNgP9lVAsoLbidUlbuv4tnLiUdzZKOBva13AoowzzrOfr6eVRcTife8CUyHGAsFmPKg,RANKED_SOLO_5x5,europe,eun1,PLATINUM_IV
PLATINUM,IV,rGOJ5u-Ud1CvfSsCPGmxstO344DjOHHq-QHNTd-Hc6IipnRdI14MVKwfaFVuo9wpVCr7Dot0WrtjBA,RANKED_SOLO_5x5,europe,eun1,PLATINUM_IV
PLATINUM,IV,YCA50Xjo3eUl_Zn2U4Pux4Y8sm5nbvozFWFYBxB1b0FktEKwV1D8oxmU94vuzdb9evL_8TvHZDTC-g,RANKED_SOLO_5x5,europe,eun1,PLATINUM_IV
PLATINUM,IV,P6cPzAKPyZ9k8TLRxTvQWrt9q4SG9aBdjro6cBU-_i_m7W8XoyGyzzI1-fpKBCviKz4f3dDTtPFtNg,RANKED_SOLO_5x5,europe,eun1,PLATINUM_IV
PLATINUM,IV,O7g7L20ACF6dWN-Ys3FwNedUFqxyqvcBPL8MLSAUuSHEvQJeQpSkMAYIYougxqwRLqpfrJeajeUCpQ,RANKED_SOLO_5x5,europe,eun1,PLATINUM_IV
PLATINUM,IV,mzx5tnMIoiLTg6XpFhVZYDRFyak1-xdf9hwGsZ5qPl9s15jG6Rp8Jkm3AKkbJoqV-qj-oFGggQYDIw,RANKED_SOLO_5x5,europe,eun1,PLATINUM_IV
PLATINUM,IV,P4XN44-A50EGpcj0lIqzzOFkzJOI6nXYHxjCzoQgUIFT2V1DuBq4pIbAoWDmghru7fWo6Ct-HlpWXQ,RANKED_SOLO_5x5,europe,eun1,PLATINUM_IV
PLATINUM,IV,sKeyQAyXR579RASAi2oQhZWbrR-SIu2uSGQQ7UVx6dcH7KV0bJv9kboVfWuBE0tNY0mOc4HG4GBa_A,RANKED_SOLO_5x5,europe,eun1,PLATINUM_IV
EMERALD,I,0tYUyp_lQ0PIf0UzCc4bYbT6xw6mL_CezaYH1vfJLlF03a3RCQxigJ-sYvEtBIYJ80WwA8xaMwdvDw,RANKED_SOLO_5x5,europe,eun1,EMERALD_I
EMERALD,I,w6sQMjDwNvb0WSwr8Da-o5A8Tf0rvpHRmCBfFhNEq2dcIspz7cW3UZfa5Lt9qmJb16-gh6TnOIH0Tw,RANKED_SOLO_5x5,europe,eun1,EMERALD_I
EMERALD,I,EK1xbuheUZtFxpbxwUmgSnf6j4daLOUtMXbgWmy-Q2PqpC_lZBcPNO-7GkzmfFqNqtESQ1FNVllWkQ,RANKED_SOLO_5x5,europe,eun1,EMERALD_I
EMERALD,I,l0i346zVKcLDwRMaJOvkPqtsWKlRQTgPOoGtSKCYCm8Z-gmpqHREyasG4zquROP5cT_SW5eYT1LnWw,RANKED_SOLO_5x5,europe,eun1,EMERALD_I
EMERALD,I,RVgQHMqAWC_rAUjQNtHogyMrB_v_rxk-CAkXwt8lHMIMf_o2sz6wBv8_xK9X5qYpCfiekpd8vKo_xQ,RANKED_SOLO_5x5,europe,eun1,EMERALD_I
EMERALD,I,vWsFwELeP4y5xV2RQjLAgZdxiSHXZlWOp_RQCpYgIby7V1AwK1ynfx2tjU-vGuEn550kR0ih7o_IIA,RANKED_SOLO_5x5,europe,eun1,EMERALD_I
EMERALD,I,5vHm82DfvQF3Uv88iyVE4fPPgYI6rb1W0d-NWBXkWE44i-NcmKLkWC8K2RgtWTllG761s95fQes-kw,RANKED_SOLO_5x5,europe,eun1,EMERALD_I
EMERALD,I,BuWNcvjIsIFgCFbCCiQewWKxhUIzyIw6o3ewtVcMy7CYZ9jMakabIlcpwtCVj8ouTV4NifwPtnfdGQ,RANKED_SOLO_5x5,europe,eun1,EMERALD_I
EMERALD,I,_PSXRM2iZnIeGLgUMMsCUkHFpQ9XhQEd2alMrVnQedaCmE8C1wkiEXmXFEZMP9ZN6qptfZmCIKgh2g,RANKED_SOLO_5x5,europe,eun1,EMERALD_I
EMERALD,I,R165xq_IEZKFTb3SlSDpKFUF7ru8Y3UgGSHKNqqnpQJKnLWVm03JDQ-jO3xHc7ql0YK0rgqaMKS2Qw,RANKED_SOLO_5x5,europe,eun1,EMERALD_I
EMERALD,II,z64d1FnWbkAxK2r5-wv5pJOK1SeoCg85-6C7gsQwJcjpUALnB5cboKur3TqK-fUsbJGn6ZwOt6wYGg,RANKED_SOLO_5x5,europe,eun1,EMERALD_II
EMERALD,II,vpGxa14ARBoR5VlsnqIU3uVdRq8rU4eErJK3rBv-QVCd5ZLEDgl1bdWTov5hnsf9T2unVTc68SqB0A,RANKED_SOLO_5x5,europe,eun1,EMERALD_II
EMERALD,II,F8DxgfMCxH6XCkj7N7gwQ3vWN3FyXSQTYBkz0MZfQIxUSTZBlyGN2VVMB7E6apvHRf8fTaRkzYHvEg,RANKED_SOLO_5x5,europe,eun1,EMERALD_II
EMERALD,II,Da4qQrtuEaJReWL4wrS2o6QJa-p1g13_6V_H_PEZFItJJHGDWxr9q97GgM67gUBEPrrka-BTOCTcsw,RANKED_SOLO_5x5,europe,eun1,EMERALD_II
EMERALD,II,zeEIe-t7mpxLQITQssLsID_knyyXDTiA6DpnadgI47pxUq9moj-qrDmZ_5B0AZ-TCuSlOrpQro-tGA,RANKED_SOLO_5x5,europe,eun1,EMERALD_II
EMERALD,II,YZKxePvaoSsNZN5DJZHfu2DrKCO5Jl6s8XySn5iGsrYKs7Z0S5OYvppe9MLdV5CgGtzT8820V7rUgg,RANKED_SOLO_5x5,europe,eun1,EMERALD_II
EMERALD,II,Cxcf1rHrj1dKzpsBdDlw-4ilkAAl20iG8wydxGRLlEVJsgRkIE9zDn4XMYYQKig_oRRduN78TzHudg,RANKED_SOLO_5x5,europe,eun1,EMERALD_II
EMERALD,II,YL0lg4t1r7v6Xq19gNNdXaYRW3DYOq_FpmrSmG0ntCmTIKwcccSUE8GmjeMLdQy0HE688XHdWKUmMg,RANKED_SOLO_5x5,europe,eun1,EMERALD_II
EMERALD,II,t1TgXjWpxhgmDVnrEPnEgRZiUC-3rdRFhtSktU-Eb2PL9jqFfSsgW09pzXadIM3kLs4EHkA-iavgEQ,RANKED_SOLO_5x5,europe,eun1,EMERALD_II
EMERALD,II,o3tcjQCRxkYdzaunECQBD8X_6ht_Pc6Kdlm2PBbIvbzGhdYUisXsAb2kfLEsEvE-ivbK7t2w6NLxTg,RANKED_SOLO_5x5,europe,eun1,EMERALD_II
EMERALD,III,S6OJjyu22KWRXBiRAwV6zplm_GTBZ71CyG--8rYN-cO3_Fl7dg1dVFdmgWfWVt9Kc6kY3ITwbu3_OA,RANKED_SOLO_5x5,europe,eun1,EMERALD_III
EMERALD,III,xpWrtJnV0ER0wtCks9uw6bZza6-cEYux-zlJRlHeuRZdozuoYTxdROQBk8IYBWNGbukkG7BCPSalCg,RANKED_SOLO_5x5,europe,eun1,EMERALD_III
EMERALD,III,qUsWDr_fpxGTS5h7vrHVO3zV807EIAyu6cWazeE2DvRNbYqC2rT70Vqbj5xcaGIAKSkppwGd6l4T9g,RANKED_SOLO_5x5,europe,eun1,EMERALD_III
EMERALD,III,Fd5sMVb0ZpFtgUrlbBxEBnW4dSkJqAOchaBBy-y9DHzuWtekpgf8WAX1fx6T5v9Tyxj9j-Ti8mM9Zw,RANKED_SOLO_5x5,europe,eun1,EMERALD_III
EMERALD,III,i3orMphpskwmPftkOnW2fsaQdjj_a7NJk4Mj8V1A8cAnYEhH4Qle91patVi6GPgVlaRjVWUinvQCzw,RANKED_SOLO_5x5,europe,eun1,EMERALD_III
EMERALD,III,NnQbvPCBEQ_iGOU5Rm0kfsrPHPXyK42e3f603w_iIWRD6vX67Xbr3rcaMjmoexbHk0CQSknI0VxjPw,RANKED_SOLO_5x5,europe,eun1,EMERALD_III
EMERALD,III,KQRN-7aRzLIYyt-8n2t5zL1GYREU1l88zxtP5sZcoIzl1HgeUVqHPncei1Ktk1PLJUGmfG3dv0PuRg,RANKED_SOLO_5x5,europe,eun1,EMERALD_III
EMERALD,III,kc8x8C139Z-oKHn2kLfIRs6Q2nPS8Q2B9msFfSpzJLgV4TFK67pDxf1Dpgm47G9n1hB_uY6UvZZwRg,RANKED_SOLO_5x5,europe,eun1,EMERALD_III
EMERALD,III,orSrOZkZdwHmARYmJ7yp3SfbsGyv8IBWZhMLatP2hWV5liNDDAH7Awld_FUVN9GA6lysleIgzTCy5w,RANKED_SOLO_5x5,europe,eun1,EMERALD_III
EMERALD,III,kaEzicneYPVPgnLRXH5GvbZ1xWqqT8ID7Ibq0OAL4bDgFNJYKDhsnaVVE4PEIfEHffcpYx10-3pW4Q,RANKED_SOLO_5x5,europe,eun1,EMERALD_III
EMERALD,IV,EefI9zUpTIW2NQ-t-xx5l_x9VvUHB-7jIkNBY94tWwDzPkDfH_bD0VGvHKWtOQrw0bmbbEaiMifntw,RANKED_SOLO_5x5,europe,eun1,EMERALD_IV
EMERALD,IV,Dmi929xK66XNscXaEbZK8x5g4cFiTsR-5wyxhHb4i66O3oUG7BBIrygjAV-X4pCMq3yc5KR4Quq1_Q,RANKED_SOLO_5x5,europe,eun1,EMERALD_IV
EMERALD,IV,d6u42ERUy3V-SCvcb7zmcWyySW-7GHV6fu62XjyHlXXu5ZxCweP2o7MtAWm7NsR54nLxuDlW8UnNPg,RANKED_SOLO_5x5,europe,eun1,EMERALD_IV
EMERALD,IV,97LCrvXmYE4tf4X5ofOKgTHTrpw8BgvwBWRj4Myp5faa8zK0q3aUbxlJnwAs-D2FWNqa96rNz4SdQA,RANKED_SOLO_5x5,europe,eun1,EMERALD_IV
EMERALD,IV,RXjBQ2v1oLYJCduzGL12EN9kbPhbeAkaJAOuk8aRgMy0psjmJhIAIKa0iVCGENqo4XexSFXD8ZQrhA,RANKED_SOLO_5x5,europe,eun1,EMERALD_IV
EMERALD,IV,mwfqpSwzFMmwCa9-SJRzOVV0_49v5EYBjRlPtm-2ghkFFSDRYUyf7uahtd0scTLO1WUUTvnQJLruLg,RANKED_SOLO_5x5,europe,eun1,EMERALD_IV
EMERALD,IV,1y65w8c-5odebXd_qc19aHY0E2ROzKVYFt4CS_WnELUn7-d3sBOyjtAstR3xnhISUm9jRPyd4enVqw,RANKED_SOLO_5x5,europe,eun1,EMERALD_IV
EMERALD,IV,hqJAwSZZ4c1_3d3LRPZPrMZQNR9-Q-MBE6sneOloRbdHXFKUt6Qr75VgZzi41yO3GI_yuhe0zt53Lg,RANKED_SOLO_5x5,europe,eun1,EMERALD_IV
EMERALD,IV,C2gJAb6P27JFF7YTRhQau6UBzUCvIUz6zcXyE7PDWsIjzbQXTVJ7n5YajXJ9LG7TFW3sgsGapGo2nQ,RANKED_SOLO_5x5,europe,eun1,EMERALD_IV
EMERALD,IV,yezx6WFTchUE3Koc2c7GiuBB_VbFlpUNN-RrmSvVsSqRKNjdOUKZVL64Qb3ioHJ0T8npvOhsnDa8cg,RANKED_SOLO_5x5,europe,eun1,EMERALD_IV
DIAMOND,I,yj2_9m-XfqesuZeatNmz_SVDjRa7SaiEB4P9XRcUNkMBK7lBrHdk202njRNa3oFoDjFNLtn4hpGUgA,RANKED_SOLO_5x5,europe,eun1,DIAMOND_I
DIAMOND,I,8C9D_-29enjM-PScDA_IDJYldezdhmVEpoZwD3Xrc8at9wzDOodEuEtm7gkzzD_QqDhF4tyQJDBkyw,RANKED_SOLO_5x5,europe,eun1,DIAMOND_I
DIAMOND,I,DzpbwfFwuwW3bGLl6tPR56S2Un8RRaS9vHy8pMTVRQ6FzA8st_Uw-rUOSK3iu_cgaOjEBpKY5bonAA,RANKED_SOLO_5x5,europe,eun1,DIAMOND_I
DIAMOND,I,2FLkYbsvaRfHxvqLJ2QGlfWmBjHlLsxT4Q-5JAXERyP5-yXcu8xdFf-kkOZC16jGBVAOaUUmzqNPPQ,RANKED_SOLO_5x5,europe,eun1,DIAMOND_I
DIAMOND,I,7AW3b25syUswBP9YTz03KlR5gfmGAHmdr6kq5FO8ow3uYUARuAOFo85UMbXiLI5l2NGVmkyOTat1jA,RANKED_SOLO_5x5,europe,eun1,DIAMOND_I
DIAMOND,I,WunJvspJrndGBcvaEMx6R6prkpus-56YCmVGH21nUn90Ze_xFhWysk0yF1nyawa8sDWdJq5WsfC9-w,RANKED_SOLO_5x5,europe,eun1,DIAMOND_I
DIAMOND,I,lLbZpBRCJCQ3XLqpsGHfjZg7vZ9kJggn5VhuDgn5PywuGzSVe6j0UO61FvGhcpKFnrPIR_YztnvAfw,RANKED_SOLO_5x5,europe,eun1,DIAMOND_I
DIAMOND,I,c1K_jN65KmXUp4-pQIvFXu2XFlWN0R5eHMcmIo-Wb26P0qenq9q3Wp15zBwl7Ty71oN7iWkVeUlQFg,RANKED_SOLO_5x5,europe,eun1,DIAMOND_I
DIAMOND,I,xCpV3bR9xeNUA_pZRI3po9-jVUT4F13Utj3lFlNo-_CZtSym0-sgg9BOzUen1N9Tw2FgquDon82Opw,RANKED_SOLO_5x5,europe,eun1,DIAMOND_I
DIAMOND,I,y1j5naj57wk87qic24Bsc-CduFF2T-byT6TuVs4RX7xtdY4xX_2sPVca_wQpThAy7w4SZZGlp2P0eA,RANKED_SOLO_5x5,europe,eun1,DIAMOND_I
DIAMOND,II,JEyzsVqLdNtFFsb_yJ3ts8Bie9cq1CJQ_5bUPnYoZ39HR-vK6H93cA1FlJ4ffcfHDx3SD8w9_5HCSQ,RANKED_SOLO_5x5,europe,eun1,DIAMOND_II
DIAMOND,II,D5ebWsh7HX-IhLAKP_eMygvaPjTmIm4XTC2Dag8O3zOU7QSm5JeGdbCcF36-rd_jXZ80lRGMmBcq7A,RANKED_SOLO_5x5,europe,eun1,DIAMOND_II
DIAMOND,II,IXGYd8ZbBHBoFoVxZKL0NH85ycyOS5XfqJlNHg4QVcKApPRTY8g5mYY8YhnFhKYEV6NdSKF8mBbkWw,RANKED_SOLO_5x5,europe,eun1,DIAMOND_II
DIAMOND,II,eSZTmh0_r6LyMSIhDG7gcqDLjjaIVyW5pKZgFQw3UA_8-_EjESIHeYU98oTV5dtLRJDq5ttsYugZpA,RANKED_SOLO_5x5,europe,eun1,DIAMOND_II
DIAMOND,II,8K8aPuNMJuvLi_gHOnjfWHWMWyT4qDIezP5UW3b65tXmOjEyLjw5_b8OntQ9oukeeAbDepCX-wevOQ,RANKED_SOLO_5x5,europe,eun1,DIAMOND_II
DIAMOND,II,CD5HLE_M9ZhUXuHjJIydHAydN8-d4oygzAzaP4PxQGBdBhCOGPjy0vp90af9nbCeZ9oaw0qT23z-Dw,RANKED_SOLO_5x5,europe,eun1,DIAMOND_II
DIAMOND,II,3451fNbwoA1G0z14ymyTRv2JNfwVonCQ7E2j4vxTwL3FX91z6DKROjttMnznVa3Fyz-B_puCu0A8xw,RANKED_SOLO_5x5,europe,eun1,DIAMOND_II
DIAMOND,II,WlqXkf5lB1HS5Dbn6A1hd_iGl_Ab6li29pLGbYevqhvumnX1FHV91qM0vAv-KIDC8xjOt_2q1e5izA,RANKED_SOLO_5x5,europe,eun1,DIAMOND_II
DIAMOND,II,W-zIL1AVZ4yaJOcpqMttSSX3VMY-sKFDkBO-J7T89o0EuFQhygF9jeEbtiEFqmIajuFbe65tm5ZsCg,RANKED_SOLO_5x5,europe,eun1,DIAMOND_II
DIAMOND,II,QlPFef2CRETEwTSkQCoZxAi7cBKM_sbT54L9YS9EVCGYgRyGOhIdUmAIoiUfWCG99I0Dng7LKrcGsg,RANKED_SOLO_5x5,europe,eun1,DIAMOND_II
DIAMOND,III,mSeyfIuVVybBaD4jc9oymELYhNjffN0_fiQe-VdBZOq_fh7A30IGmqZ6KorXbHrRFvi_Nab1Igq9Bw,RANKED_SOLO_5x5,europe,eun1,DIAMOND_III
DIAMOND,III,asHpHUmaIWvqQGVFckEYexEwPaCVJadI8CkjwlJlPijHnnbbWSqnsgO4poD4oGhvrlE0bUXRWKPH_w,RANKED_SOLO_5x5,europe,eun1,DIAMOND_III
DIAMOND,III,kn1lvgx7OkVHFIuB490Y5ZcUv0f4RixIlp2c4L82PEPDd408z9nNvIUm9WlvCosJleVDIM5imPfEAg,RANKED_SOLO_5x5,europe,eun1,DIAMOND_III
DIAMOND,III,CWgulKBrEmcOoqMO1VVzS9Gf40qpKXzyT7eBNue_0igMoK4yHv27e7wB-mhjejE573AwuFrNw8GOgQ,RANKED_SOLO_5x5,europe,eun1,DIAMOND_III
DIAMOND,III,rfmQV7iBHp6OFjPtdR4LIMiCViDqK8aZTBhz80tfXXKImSml_uivYaT1LaFdq30BHhRDNuvpIoj3rg,RANKED_SOLO_5x5,europe,eun1,DIAMOND_III
DIAMOND,III,oRmJQ4OGbv8tDuUiBFCMugNYZ3gV1hUME4P4au30Zn8aYaz8QiglbpFwvXSnpLXrLuWa8iMNYWGj6Q,RANKED_SOLO_5x5,europe,eun1,DIAMOND_III
DIAMOND,III,zU1s7ndsJK5vZJdkhN8WPrB8SvFIvhssd5vNuikeAXd5sRqBUkd6lIbMZozNxFZw-2uX0JMGxaeeiA,RANKED_SOLO_5x5,europe,eun1,DIAMOND_III
DIAMOND,III,XlYIwoDuSOthG89SOydijbxwE3JK1CszgxHuc7K3OoQA9TldEiJtNIoTkwIDdfBV7r0zeMIXJ-EN7A,RANKED_SOLO_5x5,europe,eun1,DIAMOND_III
DIAMOND,III,v4isEtlElQz40pMcf9TgQxyt8qSkzosT6hDXK15Ynws_k7-qAvcfXm5h8TajnUkbpbSlTGlWVNOgNQ,RANKED_SOLO_5x5,europe,eun1,DIAMOND_III
DIAMOND,III,1JjkF7ElcF9DZxZhNOYq8YAzFONre7ykUIXleYB-dip62P0gmHkRfC2kctl3Yc5TpBe3dNcDsS6TMg,RANKED_SOLO_5x5,europe,eun1,DIAMOND_III
DIAMOND,IV,MtbqfeMdnbBx01OPAQaDA3g9Nqif6eHxWr8EYl7WHUbo3NcTV4Uz8Nd0OKK2yq6_UHTeHieYWdYRZg,RANKED_SOLO_5x5,europe,eun1,DIAMOND_IV
DIAMOND,IV,o5oGJ3fbG31atRCrAL_XrOeWxuZ7lVvRiGWQH8c2wDlDfDz4rGFQ0elfYg-DKXBGvG6WVHNhc2wSSw,RANKED_SOLO_5x5,europe,eun1,DIAMOND_IV
DIAMOND,IV,48sN9CJSmnXOmj8Ly25oaiaIfg_ODYs6G8ugz8MX_tJG5rSn0LiUU72nzPAqjf-Y-AYFNYZi5mcjIg,RANKED_SOLO_5x5,europe,eun1,DIAMOND_IV
DIAMOND,IV,SxOFKg7v88jIF0QniasdqzQ1o_hwutxKsuSzYYJ8nFbwipWv6tu4sUwoo2NEw904kThGfvbONGodwQ,RANKED_SOLO_5x5,europe,eun1,DIAMOND_IV
DIAMOND,IV,3lBIWG4OGeyxTo9rJoW5ZAVambbFmgTrT-_KvfBWoAY4nBOPAWzLNeVyZI8VgkptYcvSsNsj5WywPA,RANKED_SOLO_5x5,europe,eun1,DIAMOND_IV
DIAMOND,IV,KnrikznXkKk55wt5edIklYTFssRRNQ-fX5CDcZIv5d9vX2LDa4tzUtHkYaM7Pak3sH3HrXHnbwEFtg,RANKED_SOLO_5x5,europe,eun1,DIAMOND_IV
DIAMOND,IV,0da8Z2fbKNavssNqzpyfkbB-Su02C4SImStFhQogt_MwP_5rYFV4OF8U7YNu-iuGyEyFn8nTa0xgFg,RANKED_SOLO_5x5,europe,eun1,DIAMOND_IV
DIAMOND,IV,wV02ud0lf-WaeGqVmBUYqtax0RYZRghljMDTWe6Bs2bJmnjOq8Ch0J2OwvoK9xwOuyAiYYjbBPzf7g,RANKED_SOLO_5x5,europe,eun1,DIAMOND_IV
DIAMOND,IV,DHsceT-X5faqjGWe5X1xW-pogYuOcHL47czglqxv-Gbfm0lGcMBmf8M3ddyO_Rww7vTYJeYpgcwWeg,RANKED_SOLO_5x5,europe,eun1,DIAMOND_IV
DIAMOND,IV,PkRHoCYQyuuOWnFnl3Y2HH_nq-Y38P3afveyHmlkhlPw0IorldEANLZMx2LdtRVoYF59H8kfrHr94Q,RANKED_SOLO_5x5,europe,eun1,DIAMOND_IV
MASTER,I,D5V-DaUKQcOQh7eBDdLsqkc4Ad6h6FaR-UhnvUaKyAK63hzp5I4Olt-WblNwkl40WDrHfxtXosjrZg,RANKED_SOLO_5x5,europe,eun1,MASTER_I
MASTER,I,q9QBnXiTYLbofiUXh9BSvXvFtmdmC0XA7X6FPrTXQDU9Aua8f6ozO1NMpGxIFlaCHR05luhVmRMbfA,RANKED_SOLO_5x5,europe,eun1,MASTER_I
MASTER,I,vgB8bmcdz4UU5_96hJqcIT642lIiYFZ261XcPG3tbWMw4gcvDwQ3ZDgZoEMevPlyoWHte6qVIJVeXg,RANKED_SOLO_5x5,europe,eun1,MASTER_I
MASTER,I,GzkADSgLc7eBcbtFqJbcGxCzrLqYns6XpUPZcCORxAEpslNXM4WNf-SvCXk35vvRWw9dPcVzPhPxkQ,RANKED_SOLO_5x5,europe,eun1,MASTER_I
MASTER,I,jl-esH8R_F_fe4HUJWp6SmURgGRVlWYqwrOowQflf0estiDMcwcgm3CXq23uLCu9DF2R-8vGoGfzIw,RANKED_SOLO_5x5,europe,eun1,MASTER_I
MASTER,I,IYjs2gJta92vjLQMnypXKdfJwktEz7G44XXHij5S65qWXx6GevzvFgJ0_EzU6kkqJ3h766k4k3Pnvw,RANKED_SOLO_5x5,europe,eun1,MASTER_I
MASTER,I,MJRzhZLeV1Ij3Reqk6gTyyNJuaVP7IgVU8wZIv9FZ7Eexum1w5PYZzPIiThc3A9xjeKBNw7tyu-4WQ,RANKED_SOLO_5x5,europe,eun1,MASTER_I
MASTER,I,ee6HHfQqtDiooKF8jUu9ZVgkm-3AGTesP-af5Y1LtDKrnUR3AIxSxgmWux15b-H1cFlbmgfwlCiSNg,RANKED_SOLO_5x5,europe,eun1,MASTER_I
MASTER,I,SwYTTaEzOpZt4rm0Ea-LLgTX5ftU2nqkIcmnWXAXKPwOp1fOrDTk2HsIksH5umVplwchxSyiDjWKow,RANKED_SOLO_5x5,europe,eun1,MASTER_I
MASTER,I,sSQnlIl3wxfHXzv4tVPBrpdVW1Uhl-XZOrvCHb3Q6uKu4NNJvbbcTT3bGRhnTdjl8qNaDeUh_SaO9w,RANKED_SOLO_5x5,europe,eun1,MASTER_I
GRANDMASTER,I,hfMP5_VTMFoT1hzMv2U_yBDeFOxz0BTtI4EUDhMbUu54WI67gItXOWsf79vt3B6HHvPDxgA3wdWONQ,RANKED_SOLO_5x5,europe,eun1,GRANDMASTER_I
GRANDMASTER,I,Xj5U_Tm60GJS9ax08kGBZz-KGtDNPPcchMzJaX_vTezVJaSeRpSdJcUAR8kpglfLBaE5I7H4g6AKrg,RANKED_SOLO_5x5,europe,eun1,GRANDMASTER_I
GRANDMASTER,I,QCndVqgY7pPqVYmKf5P8uIUwCcaDO9TvuomIYUgIyFVUKGR8JCnSN0eMMgIFymdk65NszAeBcbdfKA,RANKED_SOLO_5x5,europe,eun1,GRANDMASTER_I
GRANDMASTER,I,7PEUmoX_811GTdxxPRLYNMpWBQ5Y1qoRoJ2E5uTtGEFd6h6ikQluNLY-b21ISWeIRkbKyFPQAN9o3w,RANKED_SOLO_5x5,europe,eun1,GRANDMASTER_I
GRANDMASTER,I,emtbJxxsIHcqYLBTrGGk1dbWGd5ZbGlny9u7U1ubzk7aFlxI4oOMW_sTPEOsc6hixQ-v6yRVNRA3rw,RANKED_SOLO_5x5,europe,eun1,GRANDMASTER_I
GRANDMASTER,I,edFADK8xR2y5eSEWJLd35-jbNPjc7nWAkjp2__LI8zEWAoR2KtwEvhWXQr0OMTyD7KoIGYGPpmlQgA,RANKED_SOLO_5x5,europe,eun1,GRANDMASTER_I
GRANDMASTER,I,MCPoZRRhqRHHuOYroFNJMx0x2UmdwbWC8Ejm5BRQwsMsG5eHDYmzVg_c9ihbmASBKLH08bDaTwBWnQ,RANKED_SOLO_5x5,europe,eun1,GRANDMASTER_I
GRANDMASTER,I,BJ5EWriK7KwCfKKlIALfmgXq0u6WOgRlcjO3CzuW-m3-ygyRhrcqBCFA4yo1_EqCRoMfrsjyug4FNg,RANKED_SOLO_5x5,europe,eun1,GRANDMASTER_I
GRANDMASTER,I,UbmwWmwnwebBirZss0YeaNjK_A0_ksl7ftpFpHt-UYsgvK5eDIZZVScp-X5YJrzW87WfqKTdiAFFQw,RANKED_SOLO_5x5,europe,eun1,GRANDMASTER_I
GRANDMASTER,I,QLgDY3rYaykaeXn6mvRXpJs6UWOjyiX_PDDO6aksF7XHF5DBLuWGTa94-9fu4N-U-pVy26JXe5IUrg,RANKED_SOLO_5x5,europe,eun1,GRANDMASTER_I
CHALLENGER,I,GbaCpzcdYf_o_wq8mKclvvvWWO2P8DamlJbOSbWeLHIKIzJMNzxYdnG7tGk22K_JQ0YTXxBaMWUbzQ,RANKED_SOLO_5x5,europe,eun1,CHALLENGER_I
CHALLENGER,I,dlXJYnkOwPwf_E4ZPCJoKOCNf9OjrmRsUl4isZq4ZEDBsB5lM3gOBRNoidn_G2VSaJXEYUtuCwsG8A,RANKED_SOLO_5x5,europe,eun1,CHALLENGER_I
CHALLENGER,I,xg5UY3GLwcO-Ccl61Rfl_r6m7T3wNQcAuWYk7hEAJ3R_GrLakaitJEZaSpt4pLvZ8Wvc44h4CkCGHw,RANKED_SOLO_5x5,europe,eun1,CHALLENGER_I
CHALLENGER,I,Z42-86-sjAP2sNK7cdecCcFiK7zojYS6gG6fd6dMNf5BP6-CL4hgTWBeS7plAprHaDAmnb6IHcpmVw,RANKED_SOLO_5x5,europe,eun1,CHALLENGER_I
CHALLENGER,I,QE8sRyQW044Zait6UA914zZDF802LfitL6bOlFuFJdyF9jf6cYgBWNsUXTz0SYI9JAW6Tlp5eDIE3Q,RANKED_SOLO_5x5,europe,eun1,CHALLENGER_I
CHALLENGER,I,Sn4wmFPQwE21ayssl6LaVAAxT6hF42Pak1nnS_lZX8FjXDaHpM71gnm8E3gnOg-kwsSdtH104lv8aA,RANKED_SOLO_5x5,europe,eun1,CHALLENGER_I
CHALLENGER,I,vqevnAHrYcPm2H3X3tfb308vi3z6fMf_baOM7luNz8jtqlsgMEK_l3cSlAMLZQGZUZJp7V5uZ44TaA,RANKED_SOLO_5x5,europe,eun1,CHALLENGER_I
CHALLENGER,I,mn-Gkouc6-IqUiE0e2DYngCABQdkC_F_7wOkOSZhZcGL7rXY73R10SMpdskphoR7CjxIZBOCK62yRw,RANKED_SOLO_5x5,europe,eun1,CHALLENGER_I
CHALLENGER,I,E9FTv7_LGh8WcL8Yh1vzTCqjKDg6IU4_umbXJ61R3KIljTTVb6L_wonAIVg4BzpdH2cP8vvHagPm4Q,RANKED_SOLO_5x5,europe,eun1,CHALLENGER_I
CHALLENGER,I,Ootw28l6LZUfTiRt19DH-QRT5N_hDI2I26poo80EBXaY4bkFBJo3MbDm9qRyuw7GL4ZbrhvyP3LjkA,RANKED_SOLO_5x5,europe,eun1,CHALLENGER_I
